0.005,54.57,1128.913,66.088,989.789,200.113,579.563,-45.794,195.813,-97.543,149.77,10.819,74.5
0.01,62.661,1130.014,74.908,991.279,212.374,582.122,-22.539,190.532,-73.982,143.764,38.318,71.51
0.015,70.722,1130.887,83.854,992.563,224.358,584.57,0.931,185.352,-48.963,136.886,65.904,68.806
0.02,78.763,1131.62,92.739,993.732,236.188,586.727,24.603,180.208,-23.621,130.128,93.659,66.351
0.025,86.972,1132.342,101.673,994.693,247.773,588.732,49.267,174.785,2.888,122.639,121.414,64.28
0.03,98.738,1132.953,110.588,995.502,259.221,590.392,73.25,169.878,28.165,117.006,149.291,62.385
0.035,107.483,1133.376,119.51,996.081,270.38,591.951,97.37,165.138,53.797,111.051,177.175,60.86
0.04,116.409,1133.534,128.451,996.536,281.379,593.226,121.356,160.858,79.972,104.959,205.01,59.633
0.045,125.217,1133.516,137.437,996.708,292.165,594.174,145.482,156.116,105.847,99.652,232.826,58.718
0.05,133.946,1133.315,146.344,996.745,302.73,594.822,169.876,151.906,132.243,94.185,260.568,58.097
0.055,142.901,1132.936,155.286,996.597,313.136,595.223,194.427,147.77,158.89,88.897,288.171,57.85
0.06,151.67,1132.451,164.238,996.209,323.281,595.449,218.947,144.019,185.547,83.978,315.633,57.922
0.065,160.425,1131.682,173.091,995.708,333.209,595.432,243.55,140.49,212.259,79.514,342.953,58.377
0.07,169.094,1130.916,181.973,994.962,343.535,594.789,268.099,137.29,239.022,75.274,370.085,59.202
0.075,177.788,1129.922,190.446,993.679,353.2,594.273,292.548,134.499,266.209,71.002,397.081,60.322
0.08,186.408,1128.642,199.239,992.589,362.555,593.574,317.079,131.506,292.932,67.516,423.79,61.838
0.085,195.025,1127.227,208.069,991.251,371.768,592.69,341.486,129.275,319.669,64.525,450.368,63.695
0.09,203.664,1125.62,216.853,989.719,380.829,591.514,365.782,127.357,346.299,61.972,476.777,65.791
0.095,212.332,1123.859,225.713,987.973,389.781,590.169,389.852,126.053,372.866,59.849,502.895,68.34
0.1,221.079,1121.831,234.444,986.032,398.588,588.579,413.92,124.958,399.298,58.153,528.798,71.173
0.105,229.618,1119.82,243.271,983.945,407.136,586.811,437.743,124.278,425.553,56.931,554.412,74.472
0.11,238.28,1117.622,251.998,981.658,415.678,584.745,461.385,123.986,451.576,56.221,579.723,78.224
0.115,246.919,1115.359,260.816,979.21,424.101,582.526,484.675,124.126,477.391,55.974,604.724,82.375
0.12,255.658,1112.925,269.64,976.632,432.293,580.175,507.731,124.727,502.906,56.174,629.296,87.093
0.125,264.295,1110.402,278.415,974.002,440.498,577.635,530.548,125.667,528.147,56.943,653.463,92.129
0.13,273.122,1107.815,287.157,971.187,449.582,574.969,552.764,126.847,552.881,57.951,677.153,97.53
0.135,281.892,1105.104,295.948,968.344,457.792,572.158,574.318,128.426,576.999,59.415,700.411,103.123
0.14,290.781,1102.333,304.765,965.428,464.825,569.889,595.899,130.015,600.501,61.173,723.164,108.858
0.145,299.142,1099.589,314.029,962.918,474.159,566.431,617.37,131.502,623.971,62.896,745.336,114.598
0.15,308.015,1096.7,322.988,959.982,482.42,563.495,637.656,133.494,646.261,64.962,766.266,120.285
0.155,316.765,1093.844,331.885,957.011,490.705,560.752,657.265,135.574,667.706,67.016,786.474,126.056
0.16,325.748,1090.92,340.943,954.146,499.237,558.017,676.206,137.504,688.081,69.046,805.167,131.928
0.165,334.719,1088.03,349.841,951.534,507.804,555.838,694.065,139.471,707.036,70.983,823.629,136.673
0.17,343.902,1085.333,359.002,948.93,517.16,554.321,710.61,141.225,724.584,72.673,842.226,139.687
0.175,353.04,1082.669,368.275,946.517,526.041,552.849,725.748,142.61,740.452,73.942,857.845,142.698
0.18,362.333,1080.229,377.931,944.14,536.035,552.03,739.512,143.248,754.853,74.59,871.905,144.73
0.185,371.589,1077.938,390.235,942.203,547.771,551.046,751.986,143.076,767.786,74.577,884.683,145.4
0.19,380.999,1075.753,400.078,939.88,560.052,550.364,763.323,142.281,779.278,73.671,896.199,144.816
0.195,391.516,1074.107,409.592,937.67,572.538,549.917,773.534,140.609,789.517,71.936,906.479,142.866
0.2,401.014,1072.132,419.239,935.759,585.11,550.038,782.593,138.326,798.394,69.566,915.577,139.949
0.205,410.526,1070.304,428.787,934.133,597.689,550.563,790.59,135.512,806.157,66.717,923.515,136.241
0.21,420.173,1068.572,438.291,933.049,609.982,551.093,797.656,132.456,812.888,63.415,930.251,132.078
0.215,429.882,1066.929,447.88,932.305,622.242,551.679,803.921,128.957,818.732,59.892,934.694,128.332
0.22,439.502,1065.411,457.419,931.873,634.004,552.064,809.415,125.459,823.903,55.984,940.205,123.321
0.225,449.223,1064.101,469.098,932.107,645.483,552.235,814.611,121.369,827.826,53.636,945.309,117.99
0.23,459.04,1062.838,479.295,931.85,656.739,552.246,819.156,118.252,829.862,52.966,951.255,111.747
0.235,468.668,1061.664,489.324,931.421,667.68,552.014,823.669,115.497,832.26,52.052,955.287,107.31
0.24,478.592,1060.508,499.446,930.929,678.364,551.458,827.835,112.868,834.723,50.997,959.318,102.529
0.245,488.481,1059.447,509.539,930.332,688.505,550.52,832.016,110.196,837.399,50.084,963.606,97.437
0.25,498.693,1058.47,519.671,929.756,698.05,549.258,836.292,107.598,840.175,49.241,967.95,92.683
0.255,508.65,1057.567,529.919,929.13,706.934,547.757,840.623,105.463,842.833,48.446,972.036,88.339
0.26,518.769,1056.756,540.243,928.56,715.445,545.951,845.673,104.095,845.404,47.805,975.893,83.955
0.265,528.925,1055.988,550.498,928.083,723.681,544.264,849.017,104.113,847.793,47.193,979.632,79.294
0.27,539.01,1055.364,560.816,927.851,731.963,542.489,853.861,103.176,850.01,46.734,983.109,74.492
0.275,549.136,1054.833,571.12,927.901,740.391,541.235,858.48,102.34,851.902,46.442,985.998,69.844
0.28,559.176,1054.431,581.365,928.248,749.033,540.355,862.349,101.787,853.451,45.99,989.297,64.607
0.285,569.283,1054.229,591.461,928.764,758.188,540.251,865.698,101.299,854.763,45.688,991.111,60.692
0.29,579.204,1054.227,601.448,929.38,768.278,541.149,868.443,100.701,855.784,45.405,992.508,57.261
0.295,589.441,1054.367,611.287,930.08,778.978,542.481,870.6,100.21,856.571,45.233,994.267,54.098
0.3,599.315,1054.699,620.951,930.841,790.446,544.372,872.519,99.752,857.292,45.079,995.257,51.502
0.305,609.712,1055.207,630.475,931.679,802.146,546.1,874.372,99.389,857.938,45.037,996.244,49.368
0.31,619.892,1055.917,640.006,932.717,813.544,547.777,876.082,99.142,858.481,45.031,997.116,47.366
0.315,630.145,1056.829,649.513,933.955,824.345,549.188,877.708,98.906,858.994,44.997,997.996,45.45
0.32,640.215,1057.791,658.994,935.393,834.311,550.129,877.884,99.09,859.38,45.015,998.674,43.952
0.325,650.031,1059.016,668.387,936.993,843.16,550.929,878.942,99.045,859.69,44.978,999.158,42.787
0.33,659.937,1060.494,677.694,938.507,851.069,551.799,879.748,99.002,859.948,45.008,999.578,41.795
0.335,669.311,1062.122,686.287,940.089,858.354,552.362,880.349,99.017,859.839,45.182,999.85,40.919
0.34,678.699,1063.93,693.032,941.326,864.774,552.795,880.093,99.358,859.987,45.131,999.806,40.268
0.345,687.861,1066.008,701.317,943.113,870.851,552.815,881.4,99.031,860.195,45.148,1000.203,39.757
0.35,697.605,1068.121,709.511,944.889,876.369,552.854,881.765,99.129,860.281,45.138,1000.345,39.366
0.355,707.109,1070.25,717.567,946.576,881.487,552.81,882.114,99.183,860.397,45.143,1000.506,39.028
0.36,715.583,1072.562,725.654,948.275,886.73,552.766,882.48,99.151,860.451,45.188,1000.604,38.702
0.365,723.91,1074.888,733.597,950.006,891.022,552.598,882.226,99.276,860.476,45.186,1000.331,38.372
0.37,732.474,1077.212,741.629,951.811,894.966,552.248,882.546,99.297,860.483,45.249,1000.445,38.105
0.375,740.637,1079.588,749.675,953.671,898.682,551.814,882.912,99.295,860.536,45.322,1000.56,37.873
0.38,749.037,1081.963,757.739,955.616,902.337,551.286,883.269,99.35,860.895,45.315,1000.696,37.563
0.385,757.106,1084.248,765.849,957.701,905.966,550.831,883.663,99.451,860.947,45.45,1000.741,37.455
0.39,765.356,1086.55,774.021,959.786,909.53,550.54,883.978,99.659,860.817,45.824,1000.942,37.34
0.395,773.09,1088.822,782.195,961.867,913.303,550.244,884.39,99.777,861.153,45.642,1000.982,37.261
0.4,781.189,1091.08,788.112,963.486,916.352,550.068,884.716,99.946,861.215,45.818,1001.08,37.205
0.405,789.324,1093.345,796.652,965.635,919.915,550.122,885.119,100.13,861.336,45.938,1001.147,37.163
0.41,797.288,1095.485,805.713,967.777,923.451,550.165,883.095,102.13,861.426,46.125,1001.222,37.106
0.415,805.478,1097.643,814.861,969.823,926.788,550.377,883.399,102.324,861.545,46.292,1001.295,37.039
0.42,813.811,1099.773,823.984,971.842,930.055,550.648,886.241,100.68,861.617,46.495,1001.387,36.96
0.425,821.741,1101.867,832.999,973.738,933.137,551.084,886.572,100.878,861.739,46.634,1001.42,36.916
0.43,830.17,1103.957,841.757,975.47,936.757,551.652,886.803,101.155,861.793,46.843,1001.431,36.842
0.435,838.333,1106.046,850.13,977.054,939.532,552.199,887.062,101.396,861.86,47.085,1001.457,36.792
0.44,846.495,1108.098,858.192,978.586,942.237,552.674,887.191,101.582,861.644,47.368,1001.435,36.75
0.445,854.716,1110.108,866.166,979.963,944.743,553.066,887.362,101.828,861.702,47.572,1001.419,36.643
0.45,862.9,1112.067,873.897,981.319,946.986,553.418,887.587,102.073,861.775,47.81,1001.462,36.563
0.455,871.104,1114.057,881.408,982.615,948.512,553.546,887.855,102.281,861.897,48.017,1001.482,36.525
0.46,879.487,1115.928,888.855,983.808,950.531,553.854,888.164,102.527,861.943,48.23,1001.524,36.456
0.465,887.868,1117.807,896.103,984.924,952.418,554.105,888.458,102.755,862.055,48.363,1001.622,36.318
0.47,896.279,1119.635,902.02,985.999,954.385,554.267,886.453,104.912,861.787,49.032,1001.686,36.201
0.475,904.649,1121.436,909.616,987.111,956.256,554.534,886.751,105.072,861.891,49.176,1001.78,36.061
0.48,912.801,1123.108,916.984,988.129,958.185,554.769,887.082,105.235,861.971,49.324,1001.86,35.917
0.485,915.6,1124.004,924.06,989.018,960.127,554.939,887.397,105.398,862.107,49.394,1001.959,35.772
0.49,924.177,1125.529,931.177,989.788,961.996,555.116,887.71,105.535,862.179,49.533,1001.994,35.627
0.495,933.414,1126.975,938.252,990.522,963.828,555.352,887.991,105.749,862.275,49.675,1002.028,35.534
0.5,942.532,1128.275,945.437,991.22,965.686,555.523,888.193,106.001,861.746,50.223,1002.104,35.393
0.505,951.322,1129.315,952.57,991.852,967.475,555.833,888.46,106.239,861.851,50.408,1002.098,35.338
0.51,959.718,1130.188,959.78,992.45,969.33,556.103,888.715,106.526,861.943,50.622,1002.078,35.29
0.515,967.554,1130.904,967.101,993.003,971.282,556.342,888.973,106.798,862.03,50.854,1002.065,35.277
0.52,975.205,1131.46,974.62,993.455,973.276,556.474,889.224,107.125,862.538,50.616,1002.071,35.269
0.525,982.796,1132.01,982.288,993.793,975.263,556.672,889.505,107.527,862.665,50.934,1002.055,35.284
0.53,990.419,1132.36,990.072,994.041,977.272,556.855,891.011,106.715,862.788,51.232,1002.02,35.296
0.535,997.898,1132.718,996.821,994.28,979.32,556.979,891.348,107.136,862.926,51.539,1002.027,35.326
0.54,1005.557,1132.85,1004.148,994.316,981.425,557.066,891.705,107.516,863.006,51.919,1002.056,35.345
0.545,1013.101,1132.922,1011.328,994.288,983.981,556.894,892.087,107.82,863.141,52.25,1002.037,35.397
0.55,1020.63,1132.865,1018.496,994.142,985.669,557.162,892.425,108.21,863.277,52.606,1002.091,35.442
0.555,1026.724,1132.599,1025.682,993.86,987.782,557.207,892.826,108.566,863.437,52.957,1002.11,35.473
0.56,1034.349,1132.337,1032.732,993.472,989.972,557.173,893.261,108.941,863.592,53.288,1002.138,35.522
0.565,1042.308,1131.98,1039.733,992.998,992.215,557.115,893.633,109.344,863.561,53.807,1002.195,35.506
0.57,1050.849,1131.271,1046.751,992.401,994.905,556.918,894.024,109.706,863.885,54.014,1002.229,35.495
0.575,1058.448,1130.593,1053.728,991.728,997.323,556.815,894.465,110.107,864.017,54.35,1002.304,35.451
0.58,1066.045,1129.798,1061.62,990.64,999.726,556.837,894.868,110.42,864.169,54.68,1002.331,35.399
0.585,1073.652,1128.842,1068.786,989.709,1002.335,556.801,895.277,110.726,864.307,55.039,1002.377,35.322
0.59,1081.149,1127.882,1075.838,988.769,1004.626,556.951,895.671,111.066,864.464,55.376,1002.437,35.259
0.595,1088.713,1126.783,1082.825,987.751,1007.343,556.969,896.083,111.404,864.592,55.776,1002.467,35.216
0.6,1096.145,1125.692,1089.94,986.639,1010.104,556.931,896.484,111.779,864.737,56.173,1002.409,35.216
0.605,1103.613,1124.539,1096.95,985.576,1012.866,556.887,896.894,112.163,864.876,56.567,1002.35,35.215
0.61,1111.054,1123.3,1104.131,984.335,1015.713,556.848,897.324,112.59,865.006,56.975,1002.3,35.252
0.615,1118.453,1122.023,1110.972,983.277,1018.324,556.732,897.789,113.038,865.179,57.378,1002.247,35.314
0.62,1125.856,1120.665,1118.026,982.105,1021.592,556.566,898.252,113.473,865.29,57.856,1002.158,35.373
0.625,1133.434,1119.23,1125.411,980.673,1025.053,556.311,898.743,113.929,865.457,58.315,1002.101,35.421
0.63,1141.025,1117.687,1132.818,979.191,1028.844,555.879,899.263,114.388,865.639,58.812,1002.085,35.468
0.635,1148.696,1116.088,1140.463,977.565,1032.779,555.315,899.866,114.863,865.844,59.359,1002.074,35.48
0.64,1156.466,1114.393,1148.069,975.924,1037.13,554.781,900.482,115.43,866.042,59.961,1002.097,35.464
0.645,1164.235,1112.701,1155.856,974.208,1041.429,554.096,901.055,116.001,866.298,60.548,1002.157,35.435
0.65,1172.088,1110.949,1163.568,972.523,1045.859,553.339,901.721,116.472,866.536,61.153,1002.166,35.417
0.655,1180.148,1109.143,1171.508,970.764,1050.437,552.547,902.375,117.049,866.846,61.788,1002.225,35.336
0.66,1188.109,1107.324,1179.446,969.019,1055.034,551.893,903.104,117.632,867.106,62.564,1002.285,35.283
0.665,1196.249,1105.492,1187.234,967.403,1059.714,551.046,903.867,118.302,867.442,63.384,1002.316,35.25
0.67,1204.493,1103.64,1195.28,965.668,1064.593,550.391,904.656,119.022,867.797,64.226,1002.352,35.178
0.675,1212.726,1101.777,1201.604,963.609,1069.688,549.653,905.514,119.765,868.173,65.156,1002.413,35.08
0.68,1221.114,1099.92,1209.559,961.963,1074.808,549.081,906.396,120.638,868.582,66.159,1002.46,35.005
0.685,1229.604,1097.996,1217.833,960.426,1080.142,548.402,907.334,121.526,869.019,67.223,1002.454,35.036
0.69,1238.061,1096.124,1226.164,958.858,1085.624,547.718,908.352,122.466,869.486,68.417,1002.41,35.189
0.695,1246.732,1094.209,1234.454,957.32,1091.195,546.986,909.371,123.511,870.026,69.745,1002.473,35.132
0.7,1255.366,1092.347,1242.816,955.75,1096.955,546.244,910.45,124.62,870.603,71.113,1002.512,35.135
0.705,1263.942,1090.514,1251.215,954.169,1102.88,545.534,910.866,125.983,871.24,72.576,1002.547,35.138
0.71,1272.551,1088.736,1259.639,952.607,1108.915,544.737,912.87,126.988,871.895,74.2,1002.59,35.194
0.715,1281.197,1086.985,1268.162,951.013,1115.062,543.902,913.384,128.506,872.648,75.914,1002.603,35.299
0.72,1289.907,1085.293,1276.812,949.398,1121.434,543.012,915.489,129.255,873.391,77.719,1002.656,35.416
0.725,1298.686,1083.577,1285.49,947.774,1127.997,542.091,916.868,130.808,874.268,79.652,1002.751,35.522
0.73,1307.527,1081.937,1294.34,946.086,1134.84,541.066,918.385,132.429,875.171,81.664,1002.875,35.594
0.735,1316.63,1080.186,1303.223,944.43,1141.91,539.98,919.947,134.036,876.164,83.73,1003.042,35.659
0.74,1325.768,1078.501,1312.338,942.676,1149.243,538.771,921.261,135.522,877.152,86.062,1003.278,35.693
0.745,1335.122,1076.76,1321.523,940.84,1157.185,537.29,923.115,137.328,878.625,88.291,1003.812,35.741
0.75,1344.427,1075.001,1330.84,938.888,1164.904,536.041,925.141,139.23,879.846,90.925,1004.125,35.842
0.755,1353.989,1073.168,1340.264,936.792,1173.039,534.59,927.367,141.29,881.465,93.503,1004.462,36.007
0.76,1363.643,1071.284,1349.838,934.631,1181.079,533.281,929.831,143.594,882.799,96.606,1004.571,36.284
0.765,1373.272,1069.391,1359.385,932.519,1189.66,531.859,932.952,146.138,884.734,99.683,1004.901,36.702
0.77,1382.933,1067.464,1369.109,930.38,1198.528,530.34,935.8,148.766,886.621,103.218,1005.289,37.229
0.775,1392.837,1065.503,1378.951,928.279,1207.697,528.913,938.955,151.569,888.873,106.922,1005.772,37.84
0.78,1402.843,1063.546,1388.861,926.335,1217.071,527.561,942.458,154.567,891.322,111.002,1006.269,38.703
0.785,1412.94,1061.634,1398.946,924.411,1227.133,525.924,946.183,157.79,894.13,115.265,1006.916,39.688
0.79,1423.077,1059.812,1409.105,922.639,1237.544,524.412,950.27,161.128,897.274,119.915,1007.604,40.811
0.795,1433.465,1058.023,1419.521,920.995,1248.349,522.963,954.636,164.596,900.692,124.899,1008.378,42.197
0.8,1443.771,1056.492,1429.93,919.521,1260.114,521.02,959.608,168.314,904.567,130.144,1009.276,43.804
0.805,1454.241,1055.12,1440.458,918.219,1272.09,519.381,965.129,172.171,908.637,135.574,1010.377,45.593
0.81,1464.831,1053.969,1451.127,917.071,1285.271,517.668,970.026,177.253,913.122,141.922,1011.564,47.646
0.815,1475.227,1053.131,1461.72,916.157,1298.456,515.89,976.584,181.431,918.733,148.179,1012.863,49.883
0.82,1485.688,1052.518,1472.329,915.314,1312.186,514.146,983.789,185.678,924.533,154.792,1014.252,52.372
0.825,1496.13,1052.172,1482.873,914.56,1326.489,512.232,991.517,190.098,930.913,161.573,1015.225,55.244
0.83,1506.488,1052.059,1493.61,913.765,1341.215,510.261,999.843,194.608,937.872,168.64,1016.858,58.199
0.835,1516.733,1052.095,1503.878,913.177,1356.418,508.364,1008.7,199.205,945.503,175.971,1018.519,61.409
0.84,1527.033,1052.289,1514.116,912.8,1371.961,506.537,1018.564,203.635,953.675,183.442,1019.731,65.244
0.845,1537.193,1052.64,1524.232,912.568,1387.369,504.739,1028.219,208.661,962.454,191.143,1022.035,69.33
0.85,1547.27,1053.156,1536.721,913.083,1403.318,502.97,1038.319,214.064,971.984,199.375,1025.57,74.206
0.855,1557.096,1053.831,1546.955,913.245,1419.402,501.337,1049.213,219.792,982.601,208.049,1029.972,80.355
0.86,1566.626,1054.681,1557.094,913.539,1435.59,499.762,1061.187,225.756,995.083,216.755,1035.663,87.25
0.865,1575.904,1055.663,1567.122,914.057,1452.082,498.273,1074.155,232.021,1008.057,226.13,1042.452,94.761
0.87,1584.923,1056.788,1576.805,914.812,1468.697,496.986,1088.01,238.29,1022.028,235.48,1050.372,102.575
0.875,1593.746,1057.996,1586.45,915.607,1485.204,495.851,1102.604,244.357,1036.911,244.254,1059.684,110.472
0.88,1602.466,1059.242,1595.934,916.675,1501.804,495.021,1117.694,249.922,1052.855,251.781,1070.1,117.506
0.885,1611.024,1060.635,1605.154,917.987,1518.364,494.461,1132.983,254.649,1068.421,258.151,1082.422,123.116
0.89,1619.521,1062.113,1614.448,919.491,1534.694,494.443,1148.091,258.634,1083.637,263.387,1095.755,128.38
0.895,1628.045,1063.798,1623.689,921.273,1551.224,495.006,1163.179,262.899,1098.726,267.908,1110.787,132.982
0.9,1636.383,1065.652,1632.865,923.295,1567.72,496.088,1178.538,267.103,1114.627,270.684,1127.317,136.7
0.905,1644.414,1067.706,1641.688,925.58,1584.068,497.644,1194.375,270.575,1130.292,273.359,1145.007,139.5
0.91,1652.354,1069.865,1650.686,927.926,1600.305,499.515,1210.567,273.334,1146.462,275.088,1163.191,141.728
0.915,1660.306,1072.133,1659.429,930.46,1616.529,501.698,1227.251,275.702,1162.949,276.126,1182.429,143.067
0.92,1668.11,1074.585,1668.147,933.108,1632.651,504.093,1244.307,277.258,1179.983,276.671,1202.236,143.856
0.925,1675.905,1077.076,1676.701,935.843,1648.714,506.699,1261.773,278.254,1196.15,277.22,1222.836,143.868
0.93,1683.54,1079.651,1685.196,938.719,1664.562,509.463,1279.546,278.703,1213.757,276.785,1243.309,143.609
0.935,1691.149,1082.353,1693.433,941.694,1680.219,512.368,1297.485,278.676,1231.563,275.519,1264.079,142.903
0.94,1698.877,1085.084,1701.743,944.743,1695.829,515.348,1315.608,278.217,1249.599,273.842,1285.105,141.771
0.945,1706.433,1087.954,1710.032,947.761,1711.263,518.443,1333.873,277.327,1267.817,271.517,1306.403,140.257
0.95,1714.061,1090.853,1717.95,950.889,1726.355,521.785,1352.302,276.113,1286.24,268.785,1327.742,138.191
0.955,1721.553,1093.8,1726.093,953.91,1741.498,525.123,1370.801,274.214,1304.903,265.605,1349.575,136.068
0.96,1729.102,1096.783,1734.07,956.956,1756.616,528.467,1389.513,272.249,1323.817,262.067,1371.768,133.63
0.965,1736.602,1099.762,1741.997,959.935,1771.514,531.876,1408.43,270.061,1342.886,258.142,1394.273,131.051
0.97,1744.082,1102.812,1749.97,962.937,1786.31,535.374,1427.546,267.486,1362.356,253.845,1417.161,128.288
0.975,1751.54,1105.768,1757.783,965.883,1800.944,538.894,1447.012,265.019,1382.007,248.887,1440.135,125.168
0.98,1759.036,1108.709,1765.736,968.77,1815.351,542.447,1466.609,261.964,1402.051,243.918,1463.69,122.087
0.985,1766.573,1111.578,1773.588,971.62,1829.741,545.922,1487.159,258.527,1422.37,238.664,1487.542,118.937
0.99,1774.225,1114.364,1781.379,974.403,1843.859,549.457,1507.306,254.951,1442.991,233.203,1511.651,115.612
0.995,1781.907,1117.05,1789.32,977.049,1857.852,552.789,1527.616,251.094,1464.578,226.909,1536.09,112.15
1,1789.761,1119.549,1797.237,979.626,1871.813,556.118,1548.177,247.012,1485.786,220.919,1560.951,108.717
1.005,1797.503,1121.968,1805.186,982.101,1885.534,559.408,1568.991,242.721,1507.218,214.662,1586.12,105.433
1.01,1805.365,1124.234,1813.997,984.387,1899.17,562.553,1589.206,238.402,1528.331,208.799,1611.376,101.898
1.015,1813.258,1126.305,1822.297,986.645,1912.687,565.576,1611.18,233.565,1550.445,202.21,1636.883,98.239
1.02,1821.095,1128.312,1829.947,988.749,1926.053,568.578,1632.478,228.728,1572.927,195.713,1662.523,94.796
1.025,1829.021,1130.092,1837.458,990.738,1939.259,571.441,1654.153,223.76,1595.557,188.788,1688.414,91.302
1.03,1836.989,1131.798,1844.994,992.589,1952.134,574.287,1676.01,218.656,1618.473,181.761,1714.447,87.806
1.035,1844.857,1133.182,1852.637,994.321,1964.909,577.048,1698.003,213.399,1641.689,174.618,1740.632,84.478
1.04,1852.836,1134.728,1860.343,995.923,1977.352,579.75,1720.544,207.71,1665.119,167.788,1766.916,81.28
1.045,1860.862,1135.844,1868.27,997.416,1989.641,582.269,1742.916,202.532,1688.484,160.72,1793.769,78.496
1.05,1869.007,1136.9,1876.265,998.73,2001.815,584.654,1765.528,197.546,1712.601,153.973,1820.431,75.53
1.055,1877.111,1137.803,1884.364,999.907,2013.763,586.825,1787.784,192.354,1736.995,146.48,1847.147,72.765
1.06,1885.25,1138.511,1892.529,1000.842,2025.463,588.869,1810.837,187.039,1761.754,138.671,1874.011,70.172
1.065,1893.484,1139.003,1900.737,1001.66,2037.213,590.583,1835.38,181.551,1786.459,131.92,1900.976,67.745
1.07,1901.734,1139.305,1908.958,1002.262,2048.643,592.147,1858.954,176.429,1811.477,125.669,1928.786,65.396
1.075,1909.977,1139.433,1917.214,1002.678,2059.964,593.509,1881.019,171.773,1836.751,119.203,1956.01,63.447
1.08,1918.244,1139.333,1925.552,1002.877,2071.098,594.592,1906.3,166.511,1862.237,112.92,1983.248,61.728
1.085,1926.593,1139.013,1933.894,1002.906,2081.974,595.54,1928.456,162.304,1887.839,106.843,2010.533,60.293
1.09,1934.873,1138.553,1942.226,1002.729,2093.435,596.495,1952.906,157.409,1913.806,101.213,2037.839,59.117
1.095,1943.248,1137.835,1950.626,1002.343,2103.773,596.956,1976.939,153.05,1938.721,96.252,2065.1,58.24
1.1,1951.554,1136.939,1959.038,1001.747,2114.043,597.156,2001.622,149.122,1964.825,90.785,2092.372,57.632
1.105,1959.896,1135.785,1967.483,1000.943,2123.554,596.805,2025.886,145.091,1991.118,85.6,2119.62,57.317
1.11,1968.29,1134.401,1975.929,999.856,2133.454,596.487,2049.718,140.958,2017.479,80.761,2146.806,57.276
1.115,1976.673,1132.843,1984.377,998.575,2143.087,595.855,2072.988,137.204,2043.926,76.169,2173.922,57.61
1.12,1985.008,1131.044,1992.897,997.05,2152.444,594.95,2098.367,134.061,2070.456,71.966,2200.957,58.384
1.125,1993.406,1129.062,2001.377,995.356,2161.622,593.886,2122.65,131.159,2096.957,68.251,2227.813,59.579
1.13,2001.78,1126.911,2009.893,993.444,2170.631,592.534,2146.869,128.59,2123.502,64.914,2254.527,61.238
1.135,2010.154,1124.563,2018.407,991.334,2179.382,591.066,2171.011,126.398,2150.049,61.997,2281.003,63.58
1.14,2018.505,1122.046,2026.904,989.024,2188.107,589.319,2194.949,124.727,2176.43,59.636,2307.165,66.42
1.145,2026.862,1119.446,2035.435,986.534,2196.591,587.436,2218.797,123.443,2202.754,57.792,2333.013,69.73
1.15,2035.245,1116.675,2043.997,983.878,2204.991,585.353,2242.86,122.996,2230.01,55.826,2358.539,73.531
1.155,2043.689,1113.753,2052.587,981.025,2213.245,583.011,2266.331,122.59,2255.804,55.107,2383.635,77.819
1.16,2052.096,1110.763,2061.191,978.039,2221.422,580.483,2289.447,122.646,2281.345,54.841,2408.249,82.369
1.165,2060.588,1107.662,2069.869,974.923,2229.418,577.658,2312.13,123.046,2306.542,54.957,2432.376,87.165
1.17,2069.093,1104.42,2078.575,971.721,2237.513,574.619,2335.046,123.549,2331.221,55.558,2455.962,92.231
1.175,2077.635,1101.146,2087.376,968.428,2245.439,571.494,2356.876,124.603,2355.484,56.5,2478.91,97.499
1.18,2086.196,1097.815,2096.287,965.08,2253.216,568.235,2378.263,125.85,2379.148,57.738,2501.231,102.861
1.185,2094.866,1094.486,2105.245,961.724,2260.853,564.869,2398.913,127.327,2402.213,59.085,2523.043,108.02
1.19,2103.624,1091.162,2114.295,958.363,2268.387,561.436,2418.302,128.661,2424.678,60.575,2544.291,112.941
1.195,2112.31,1087.921,2123.449,955.029,2275.892,558.147,2437.8,130.235,2446.102,62.245,2563.562,118.528
1.2,2121.177,1084.761,2132.568,951.988,2283.49,555.063,2456.622,131.867,2466.473,63.996,2583.044,122.944
1.205,2130.116,1081.753,2141.753,949.138,2291.116,552.265,2474.791,133.747,2485.358,65.681,2601.191,126.973
1.21,2139.099,1078.939,2151.013,946.531,2299.038,549.605,2491.086,135.369,2502.682,67.076,2617.887,130.526
1.215,2148.127,1076.304,2160.378,944.112,2307.83,547.56,2505.447,136.367,2518.265,68.084,2633.086,133.201
1.22,2157.154,1073.928,2169.87,941.841,2317.886,546.149,2518.915,136.722,2532.081,68.47,2646.773,134.859
1.225,2166.191,1071.714,2179.366,939.741,2329.333,545.205,2530.929,136.327,2544.319,68.158,2659.147,135.143
1.23,2175.152,1069.694,2188.949,937.674,2341.779,544.371,2541.72,135.232,2555.005,67.031,2670.282,134.003
1.235,2184.052,1067.809,2198.673,935.646,2354.269,543.646,2551.394,133.333,2564.417,64.892,2680.227,131.41
1.24,2192.944,1066.132,2208.414,933.829,2366.199,543.171,2559.826,130.612,2572.554,61.992,2688.822,127.562
1.245,2201.79,1064.647,2218.074,932.476,2378.44,543.602,2566.913,127.328,2579.252,58.66,2696.08,122.847
1.25,2210.719,1063.26,2227.635,931.613,2390.447,544.116,2572.905,123.509,2584.76,54.728,2702.054,117.516
1.255,2219.655,1061.959,2237.173,931.171,2402.249,544.462,2577.951,119.45,2589.298,50.937,2707.011,111.725
1.26,2228.721,1060.733,2246.559,930.981,2413.646,544.463,2582.525,116.045,2591.605,50.71,2711.787,106.317
1.265,2238.1,1059.572,2255.739,930.897,2424.657,544.304,2586.309,113.352,2593.575,50.179,2715.524,102.412
1.27,2248.264,1058.671,2265.059,930.689,2435.38,543.817,2590.156,111.08,2596.004,49.478,2719.493,98.684
1.275,2259.564,1058.189,2274.551,930.336,2446.008,543.252,2594.351,108.994,2598.856,49.001,2723.806,94.533
1.28,2269.105,1057.003,2284.371,929.7,2456.351,542.445,2599.096,106.807,2602.063,48.357,2730.238,89.001
1.285,2278.848,1055.918,2295.069,929.221,2466.164,541.471,2604.434,104.692,2605.341,47.563,2735.269,84.544
1.29,2288.508,1054.982,2305.222,928.415,2475.52,540.369,2610.102,103.011,2608.479,46.841,2739.877,79.91
1.295,2298.312,1054.216,2315.431,927.585,2484.151,539.116,2615.526,101.98,2611.269,46.111,2744.067,75.215
1.3,2308.145,1053.599,2325.809,926.853,2492.299,537.928,2619.05,100.954,2613.733,45.443,2747.685,70.354
1.305,2318.092,1053.12,2336.153,926.265,2500.338,536.903,2623.26,100.184,2615.738,44.954,2750.651,65.603
1.31,2328.015,1052.831,2346.44,926.205,2508.445,536.104,2625.591,100.126,2617.19,44.504,2752.61,61.375
1.315,2338.034,1052.64,2356.643,926.638,2516.883,535.705,2628.308,99.367,2618.264,44.301,2753.923,57.479
1.32,2348.128,1052.585,2366.693,927.468,2526.002,535.905,2630.085,99.176,2619.112,44.047,2754.834,53.87
1.325,2358.306,1052.798,2376.619,928.571,2535.835,536.932,2631.971,98.608,2619.75,43.892,2755.559,50.666
1.33,2368.504,1053.214,2385.72,929.452,2547.126,538.825,2633.718,98.214,2620.339,43.75,2756.305,47.928
1.335,2378.831,1053.941,2395.201,930.908,2558.844,540.952,2635.412,97.997,2620.871,43.739,2757.131,45.619
1.34,2389.184,1054.981,2404.556,932.47,2570.34,542.991,2636.916,97.992,2621.334,43.748,2758,43.746
1.345,2399.4,1056.233,2413.846,934.171,2580.88,544.557,2637.986,98.258,2620.687,44.479,2758.692,42.612
1.35,2409.611,1057.659,2423.075,936.013,2590.734,546.035,2639.121,98.343,2621.183,44.468,2759.335,41.695
1.355,2419.657,1059.217,2432.232,937.965,2600.034,547.314,2640.99,98.775,2621.522,44.534,2759.766,40.973
1.36,2429.486,1060.953,2441.188,939.936,2608.371,548.468,2641.655,98.781,2621.807,44.531,2760.045,40.25
1.365,2438.908,1062.791,2450.084,941.963,2615.626,549.329,2642.256,98.773,2621.987,44.562,2760.246,39.462
1.37,2448.228,1064.835,2458.846,943.946,2622.266,550.001,2642.778,98.731,2622.184,44.506,2760.437,38.742
1.375,2457.279,1067.001,2467.355,946.002,2628.381,550.235,2643.261,98.704,2622.352,44.4,2760.599,38.126
1.38,2466.185,1069.231,2475.808,948.005,2633.977,550.21,2643.681,98.661,2622.534,44.362,2760.831,37.644
1.385,2474.96,1071.579,2484.177,949.957,2639.118,550.139,2644.062,98.665,2622.67,44.27,2761.028,37.291
1.39,2483.462,1074.024,2492.563,951.818,2643.644,550.209,2644.397,98.64,2623.398,43.985,2761.209,36.933
1.395,2491.972,1076.461,2500.807,953.598,2647.61,550.098,2644.67,98.679,2623.445,43.977,2761.296,36.619
1.4,2500.311,1078.901,2508.991,955.45,2651.119,549.992,2644.874,98.663,2623.464,43.96,2761.34,36.351
1.405,2508.682,1081.358,2517.152,957.316,2654.461,549.656,2645.06,98.695,2623.513,43.951,2761.358,36.202
1.41,2517.026,1083.83,2525.305,959.266,2657.746,549.23,2645.425,99.048,2623.54,44.001,2761.396,36.148
